{
    "data": {
        "lookups": [
            "keywords",
            "free-text"
        ],
        "name": "tracking_id",
        "lang": "en",
        "id": "tracking_id",
        "doc": "User-defined entity",
        "builtin": false,
        "values": [
            {
                "value": "45668999",
                "expressions": [
                    "45668999"
                ]
            },
            {
                "value": "1234",
                "expressions": [
                    "1234"
                ]
            },
            {
                "value": "2345",
                "expressions": [
                    "2345"
                ]
            }
        ]
    }
}
