{
    "data": [
        {
            "text": "I want to track my order",
            "entities": [
                {
                    "entity": "intent",
                    "value": "\"track\"",
                    "start": 10,
                    "end": 15
                }
            ]
        },
        {
            "text": "My tracking ID is jfjf8sd00dsjdsn",
            "entities": []
        },
        {
            "text": "I want to track my order with ID djjdskkds",
            "entities": [
                {
                    "entity": "intent",
                    "value": "\"track\"",
                    "start": 10,
                    "end": 15
                }
            ]
        },
        {
            "text": "I want to track my order with id sdmdm",
            "entities": [
                {
                    "entity": "intent",
                    "value": "\"track\"",
                    "start": 10,
                    "end": 15
                }
            ]
        },
        {
            "text": "My tracking id is jsdjdsjds",
            "entities": []
        },
        {
            "text": "2345",
            "entities": [
                {
                    "entity": "tracking_id",
                    "value": "\"2345\"",
                    "start": 0,
                    "end": 4
                }
            ]
        },
        {
            "text": "1234",
            "entities": [
                {
                    "entity": "tracking_id",
                    "value": "\"1234\"",
                    "start": 0,
                    "end": 4
                }
            ]
        },
        {
            "text": "45668999",
            "entities": [
                {
                    "entity": "tracking_id",
                    "value": "\"45668999\"",
                    "start": 0,
                    "end": 8
                }
            ]
        },
        {
            "text": "My tracking id is 1234",
            "entities": [
                {
                    "entity": "tracking_id",
                    "value": "\"1234\"",
                    "start": 18,
                    "end": 22
                }
            ]
        }
    ]
}
